mobility_rank,party,current_un_share_2027,current_band,last_20_years_years_observed,last_20_years_unique_bands,last_20_years_band_changes,last_20_years_moved_bands,last_20_years_bands_seen,last_20_years_first_band,last_20_years_last_band,last_20_years_min_un_share,last_20_years_max_un_share,last_10_years_years_observed,last_10_years_unique_bands,last_10_years_band_changes,last_10_years_moved_bands,last_10_years_bands_seen,last_10_years_first_band,last_10_years_last_band,last_10_years_min_un_share,last_10_years_max_un_share,last_5_years_years_observed,last_5_years_unique_bands,last_5_years_band_changes,last_5_years_moved_bands,last_5_years_bands_seen,last_5_years_first_band,last_5_years_last_band,last_5_years_min_un_share,last_5_years_max_un_share
1,Guyana,0.011,Band 3: 0.01% - 0.1%,7,3,2,True,Band 1: <= 0.001%; Band 2: 0.001% - 0.01%; Band 3: 0.01% - 0.1%,Band 1: <= 0.001%,Band 3: 0.01% - 0.1%,0.001,0.011,4,2,1,True,Band 2: 0.001% - 0.01%; Band 3: 0.01% - 0.1%,Band 2: 0.001% - 0.01%,Band 3: 0.01% - 0.1%,0.002,0.011,2,2,1,True,Band 2: 0.001% - 0.01%; Band 3: 0.01% - 0.1%,Band 2: 0.001% - 0.01%,Band 3: 0.01% - 0.1%,0.004,0.011
2,Algeria,0.087,Band 3: 0.01% - 0.1%,7,2,2,True,Band 3: 0.01% - 0.1%; Band 4: 0.1% - 1.0%,Band 3: 0.01% - 0.1%,Band 3: 0.01% - 0.1%,0.085,0.161,4,2,1,True,Band 4: 0.1% - 1.0%; Band 3: 0.01% - 0.1%,Band 4: 0.1% - 1.0%,Band 3: 0.01% - 0.1%,0.087,0.161,2,2,1,True,Band 4: 0.1% - 1.0%; Band 3: 0.01% - 0.1%,Band 4: 0.1% - 1.0%,Band 3: 0.01% - 0.1%,0.087,0.109
3,Cuba,0.122,Band 4: 0.1% - 1.0%,7,2,1,True,Band 3: 0.01% - 0.1%; Band 4: 0.1% - 1.0%,Band 3: 0.01% - 0.1%,Band 4: 0.1% - 1.0%,0.054,0.122,4,2,1,True,Band 3: 0.01% - 0.1%; Band 4: 0.1% - 1.0%,Band 3: 0.01% - 0.1%,Band 4: 0.1% - 1.0%,0.065,0.122,2,2,1,True,Band 3: 0.01% - 0.1%; Band 4: 0.1% - 1.0%,Band 3: 0.01% - 0.1%,Band 4: 0.1% - 1.0%,0.095,0.122
4,Djibouti,0.002,Band 2: 0.001% - 0.01%,7,2,1,True,Band 1: <= 0.001%; Band 2: 0.001% - 0.01%,Band 1: <= 0.001%,Band 2: 0.001% - 0.01%,0.001,0.002,4,2,1,True,Band 1: <= 0.001%; Band 2: 0.001% - 0.01%,Band 1: <= 0.001%,Band 2: 0.001% - 0.01%,0.001,0.002,2,2,1,True,Band 1: <= 0.001%; Band 2: 0.001% - 0.01%,Band 1: <= 0.001%,Band 2: 0.001% - 0.01%,0.001,0.002
5,Equatorial Guinea,0.008,Band 2: 0.001% - 0.01%,7,2,2,True,Band 2: 0.001% - 0.01%; Band 3: 0.01% - 0.1%,Band 2: 0.001% - 0.01%,Band 2: 0.001% - 0.01%,0.002,0.016,4,2,2,True,Band 2: 0.001% - 0.01%; Band 3: 0.01% - 0.1%,Band 2: 0.001% - 0.01%,Band 2: 0.001% - 0.01%,0.008,0.016,2,2,1,True,Band 3: 0.01% - 0.1%; Band 2: 0.001% - 0.01%,Band 3: 0.01% - 0.1%,Band 2: 0.001% - 0.01%,0.008,0.012
6,Mauritius,0.01,Band 2: 0.001% - 0.01%,7,2,1,True,Band 3: 0.01% - 0.1%; Band 2: 0.001% - 0.01%,Band 3: 0.01% - 0.1%,Band 2: 0.001% - 0.01%,0.01,0.019,4,2,1,True,Band 3: 0.01% - 0.1%; Band 2: 0.001% - 0.01%,Band 3: 0.01% - 0.1%,Band 2: 0.001% - 0.01%,0.01,0.019,2,2,1,True,Band 3: 0.01% - 0.1%; Band 2: 0.001% - 0.01%,Band 3: 0.01% - 0.1%,Band 2: 0.001% - 0.01%,0.01,0.019
7,Saint Kitts and Nevis,0.001,Band 1: <= 0.001%,7,2,2,True,Band 1: <= 0.001%; Band 2: 0.001% - 0.01%,Band 1: <= 0.001%,Band 1: <= 0.001%,0.001,0.002,4,2,2,True,Band 1: <= 0.001%; Band 2: 0.001% - 0.01%,Band 1: <= 0.001%,Band 1: <= 0.001%,0.001,0.002,2,2,1,True,Band 2: 0.001% - 0.01%; Band 1: <= 0.001%,Band 2: 0.001% - 0.01%,Band 1: <= 0.001%,0.001,0.002
8,Somalia,0.002,Band 2: 0.001% - 0.01%,7,2,1,True,Band 1: <= 0.001%; Band 2: 0.001% - 0.01%,Band 1: <= 0.001%,Band 2: 0.001% - 0.01%,0.001,0.002,4,2,1,True,Band 1: <= 0.001%; Band 2: 0.001% - 0.01%,Band 1: <= 0.001%,Band 2: 0.001% - 0.01%,0.001,0.002,2,2,1,True,Band 1: <= 0.001%; Band 2: 0.001% - 0.01%,Band 1: <= 0.001%,Band 2: 0.001% - 0.01%,0.001,0.002
9,Venezuela (Bolivarian Republic of),0.069,Band 3: 0.01% - 0.1%,7,2,1,True,Band 4: 0.1% - 1.0%; Band 3: 0.01% - 0.1%,Band 4: 0.1% - 1.0%,Band 3: 0.01% - 0.1%,0.069,0.728,4,2,1,True,Band 4: 0.1% - 1.0%; Band 3: 0.01% - 0.1%,Band 4: 0.1% - 1.0%,Band 3: 0.01% - 0.1%,0.069,0.728,2,2,1,True,Band 4: 0.1% - 1.0%; Band 3: 0.01% - 0.1%,Band 4: 0.1% - 1.0%,Band 3: 0.01% - 0.1%,0.069,0.175
10,Viet Nam,0.159,Band 4: 0.1% - 1.0%,7,2,1,True,Band 3: 0.01% - 0.1%; Band 4: 0.1% - 1.0%,Band 3: 0.01% - 0.1%,Band 4: 0.1% - 1.0%,0.024,0.159,4,2,1,True,Band 3: 0.01% - 0.1%; Band 4: 0.1% - 1.0%,Band 3: 0.01% - 0.1%,Band 4: 0.1% - 1.0%,0.058,0.159,2,2,1,True,Band 3: 0.01% - 0.1%; Band 4: 0.1% - 1.0%,Band 3: 0.01% - 0.1%,Band 4: 0.1% - 1.0%,0.093,0.159
11,Cameroon,0.014,Band 3: 0.01% - 0.1%,7,2,3,True,Band 2: 0.001% - 0.01%; Band 3: 0.01% - 0.1%,Band 2: 0.001% - 0.01%,Band 3: 0.01% - 0.1%,0.009,0.014,4,2,1,True,Band 2: 0.001% - 0.01%; Band 3: 0.01% - 0.1%,Band 2: 0.001% - 0.01%,Band 3: 0.01% - 0.1%,0.01,0.014,2,1,0,False,Band 3: 0.01% - 0.1%,Band 3: 0.01% - 0.1%,Band 3: 0.01% - 0.1%,0.013,0.014
12,China,20.004,Band 6: > 10.0%,7,2,1,True,Band 5: 1.0% - 10.0%; Band 6: > 10.0%,Band 5: 1.0% - 10.0%,Band 6: > 10.0%,2.6670000000000003,20.004,4,2,1,True,Band 5: 1.0% - 10.0%; Band 6: > 10.0%,Band 5: 1.0% - 10.0%,Band 6: > 10.0%,7.921,20.004,2,1,0,False,Band 6: > 10.0%,Band 6: > 10.0%,Band 6: > 10.0%,15.254,20.004
13,Côte d’Ivoire,0.024,Band 3: 0.01% - 0.1%,7,2,3,True,Band 2: 0.001% - 0.01%; Band 3: 0.01% - 0.1%,Band 2: 0.001% - 0.01%,Band 3: 0.01% - 0.1%,0.009,0.024,4,2,1,True,Band 2: 0.001% - 0.01%; Band 3: 0.01% - 0.1%,Band 2: 0.001% - 0.01%,Band 3: 0.01% - 0.1%,0.009,0.024,2,1,0,False,Band 3: 0.01% - 0.1%,Band 3: 0.01% - 0.1%,Band 3: 0.01% - 0.1%,0.022,0.024
14,India,1.106,Band 5: 1.0% - 10.0%,7,2,1,True,Band 4: 0.1% - 1.0%; Band 5: 1.0% - 10.0%,Band 4: 0.1% - 1.0%,Band 5: 1.0% - 10.0%,0.45,1.106,4,2,1,True,Band 4: 0.1% - 1.0%; Band 5: 1.0% - 10.0%,Band 4: 0.1% - 1.0%,Band 5: 1.0% - 10.0%,0.737,1.106,2,1,0,False,Band 5: 1.0% - 10.0%,Band 5: 1.0% - 10.0%,Band 5: 1.0% - 10.0%,1.044,1.106
15,Libya,0.04,Band 3: 0.01% - 0.1%,7,2,2,True,Band 3: 0.01% - 0.1%; Band 4: 0.1% - 1.0%,Band 3: 0.01% - 0.1%,Band 3: 0.01% - 0.1%,0.018,0.142,4,2,1,True,Band 4: 0.1% - 1.0%; Band 3: 0.01% - 0.1%,Band 4: 0.1% - 1.0%,Band 3: 0.01% - 0.1%,0.018,0.125,2,1,0,False,Band 3: 0.01% - 0.1%,Band 3: 0.01% - 0.1%,Band 3: 0.01% - 0.1%,0.018,0.04
16,Pakistan,0.123,Band 4: 0.1% - 1.0%,7,2,1,True,Band 3: 0.01% - 0.1%; Band 4: 0.1% - 1.0%,Band 3: 0.01% - 0.1%,Band 4: 0.1% - 1.0%,0.059,0.123,4,2,1,True,Band 3: 0.01% - 0.1%; Band 4: 0.1% - 1.0%,Band 3: 0.01% - 0.1%,Band 4: 0.1% - 1.0%,0.093,0.123,2,1,0,False,Band 4: 0.1% - 1.0%,Band 4: 0.1% - 1.0%,Band 4: 0.1% - 1.0%,0.114,0.123
17,Saint Lucia,0.002,Band 2: 0.001% - 0.01%,7,2,1,True,Band 1: <= 0.001%; Band 2: 0.001% - 0.01%,Band 1: <= 0.001%,Band 2: 0.001% - 0.01%,0.001,0.002,4,2,1,True,Band 1: <= 0.001%; Band 2: 0.001% - 0.01%,Band 1: <= 0.001%,Band 2: 0.001% - 0.01%,0.001,0.002,2,1,0,False,Band 2: 0.001% - 0.01%,Band 2: 0.001% - 0.01%,Band 2: 0.001% - 0.01%,0.002,0.002
18,Seychelles,0.002,Band 2: 0.001% - 0.01%,7,2,2,True,Band 2: 0.001% - 0.01%; Band 1: <= 0.001%,Band 2: 0.001% - 0.01%,Band 2: 0.001% - 0.01%,0.001,0.002,4,2,1,True,Band 1: <= 0.001%; Band 2: 0.001% - 0.01%,Band 1: <= 0.001%,Band 2: 0.001% - 0.01%,0.001,0.002,2,1,0,False,Band 2: 0.001% - 0.01%,Band 2: 0.001% - 0.01%,Band 2: 0.001% - 0.01%,0.002,0.002
19,Syrian Arab Republic,0.006,Band 2: 0.001% - 0.01%,7,2,1,True,Band 3: 0.01% - 0.1%; Band 2: 0.001% - 0.01%,Band 3: 0.01% - 0.1%,Band 2: 0.001% - 0.01%,0.006,0.036,4,2,1,True,Band 3: 0.01% - 0.1%; Band 2: 0.001% - 0.01%,Band 3: 0.01% - 0.1%,Band 2: 0.001% - 0.01%,0.006,0.024,2,1,0,False,Band 2: 0.001% - 0.01%,Band 2: 0.001% - 0.01%,Band 2: 0.001% - 0.01%,0.006,0.009
20,Timor-Leste,0.001,Band 1: <= 0.001%,7,2,2,True,Band 1: <= 0.001%; Band 2: 0.001% - 0.01%,Band 1: <= 0.001%,Band 1: <= 0.001%,0.001,0.003,4,2,1,True,Band 2: 0.001% - 0.01%; Band 1: <= 0.001%,Band 2: 0.001% - 0.01%,Band 1: <= 0.001%,0.001,0.003,2,1,0,False,Band 1: <= 0.001%,Band 1: <= 0.001%,Band 1: <= 0.001%,0.001,0.001
21,Togo,0.002,Band 2: 0.001% - 0.01%,7,2,1,True,Band 1: <= 0.001%; Band 2: 0.001% - 0.01%,Band 1: <= 0.001%,Band 2: 0.001% - 0.01%,0.001,0.002,4,2,1,True,Band 1: <= 0.001%; Band 2: 0.001% - 0.01%,Band 1: <= 0.001%,Band 2: 0.001% - 0.01%,0.001,0.002,2,1,0,False,Band 2: 0.001% - 0.01%,Band 2: 0.001% - 0.01%,Band 2: 0.001% - 0.01%,0.002,0.002
22,Türkiye,0.685,Band 4: 0.1% - 1.0%,7,2,2,True,Band 4: 0.1% - 1.0%; Band 5: 1.0% - 10.0%,Band 4: 0.1% - 1.0%,Band 4: 0.1% - 1.0%,0.381,1.371,4,2,1,True,Band 5: 1.0% - 10.0%; Band 4: 0.1% - 1.0%,Band 5: 1.0% - 10.0%,Band 4: 0.1% - 1.0%,0.685,1.371,2,1,0,False,Band 4: 0.1% - 1.0%,Band 4: 0.1% - 1.0%,Band 4: 0.1% - 1.0%,0.685,0.845
23,Ukraine,0.074,Band 3: 0.01% - 0.1%,7,2,2,True,Band 3: 0.01% - 0.1%; Band 4: 0.1% - 1.0%,Band 3: 0.01% - 0.1%,Band 3: 0.01% - 0.1%,0.045,0.103,4,2,1,True,Band 4: 0.1% - 1.0%; Band 3: 0.01% - 0.1%,Band 4: 0.1% - 1.0%,Band 3: 0.01% - 0.1%,0.056,0.103,2,1,0,False,Band 3: 0.01% - 0.1%,Band 3: 0.01% - 0.1%,Band 3: 0.01% - 0.1%,0.056,0.074
24,Afghanistan,0.005,Band 2: 0.001% - 0.01%,7,2,1,True,Band 1: <= 0.001%; Band 2: 0.001% - 0.01%,Band 1: <= 0.001%,Band 2: 0.001% - 0.01%,0.001,0.007,4,1,0,False,Band 2: 0.001% - 0.01%,Band 2: 0.001% - 0.01%,Band 2: 0.001% - 0.01%,0.005,0.007,2,1,0,False,Band 2: 0.001% - 0.01%,Band 2: 0.001% - 0.01%,Band 2: 0.001% - 0.01%,0.005,0.006
25,Azerbaijan,0.034,Band 3: 0.01% - 0.1%,7,2,1,True,Band 2: 0.001% - 0.01%; Band 3: 0.01% - 0.1%,Band 2: 0.001% - 0.01%,Band 3: 0.01% - 0.1%,0.005,0.06,4,1,0,False,Band 3: 0.01% - 0.1%,Band 3: 0.01% - 0.1%,Band 3: 0.01% - 0.1%,0.03,0.06,2,1,0,False,Band 3: 0.01% - 0.1%,Band 3: 0.01% - 0.1%,Band 3: 0.01% - 0.1%,0.03,0.034
26,Benin,0.005,Band 2: 0.001% - 0.01%,7,2,1,True,Band 1: <= 0.001%; Band 2: 0.001% - 0.01%,Band 1: <= 0.001%,Band 2: 0.001% - 0.01%,0.001,0.005,4,1,0,False,Band 2: 0.001% - 0.01%,Band 2: 0.001% - 0.01%,Band 2: 0.001% - 0.01%,0.003,0.005,2,1,0,False,Band 2: 0.001% - 0.01%,Band 2: 0.001% - 0.01%,Band 2: 0.001% - 0.01%,0.005,0.005
27,Bolivia (Plurinational State of),0.018,Band 3: 0.01% - 0.1%,7,2,1,True,Band 2: 0.001% - 0.01%; Band 3: 0.01% - 0.1%,Band 2: 0.001% - 0.01%,Band 3: 0.01% - 0.1%,0.006,0.019,4,1,0,False,Band 3: 0.01% - 0.1%,Band 3: 0.01% - 0.1%,Band 3: 0.01% - 0.1%,0.012,0.019,2,1,0,False,Band 3: 0.01% - 0.1%,Band 3: 0.01% - 0.1%,Band 3: 0.01% - 0.1%,0.018,0.019
28,Bosnia and Herzegovina,0.014,Band 3: 0.01% - 0.1%,7,2,1,True,Band 2: 0.001% - 0.01%; Band 3: 0.01% - 0.1%,Band 2: 0.001% - 0.01%,Band 3: 0.01% - 0.1%,0.006,0.017,4,1,0,False,Band 3: 0.01% - 0.1%,Band 3: 0.01% - 0.1%,Band 3: 0.01% - 0.1%,0.012,0.014,2,1,0,False,Band 3: 0.01% - 0.1%,Band 3: 0.01% - 0.1%,Band 3: 0.01% - 0.1%,0.012,0.014
29,Brazil,1.411,Band 5: 1.0% - 10.0%,7,2,1,True,Band 4: 0.1% - 1.0%; Band 5: 1.0% - 10.0%,Band 4: 0.1% - 1.0%,Band 5: 1.0% - 10.0%,0.876,3.823,4,1,0,False,Band 5: 1.0% - 10.0%,Band 5: 1.0% - 10.0%,Band 5: 1.0% - 10.0%,1.411,3.823,2,1,0,False,Band 5: 1.0% - 10.0%,Band 5: 1.0% - 10.0%,Band 5: 1.0% - 10.0%,1.411,2.013
30,Cambodia,0.008,Band 2: 0.001% - 0.01%,7,2,1,True,Band 1: <= 0.001%; Band 2: 0.001% - 0.01%,Band 1: <= 0.001%,Band 2: 0.001% - 0.01%,0.001,0.008,4,1,0,False,Band 2: 0.001% - 0.01%,Band 2: 0.001% - 0.01%,Band 2: 0.001% - 0.01%,0.004,0.008,2,1,0,False,Band 2: 0.001% - 0.01%,Band 2: 0.001% - 0.01%,Band 2: 0.001% - 0.01%,0.007,0.008
31,Chad,0.005,Band 2: 0.001% - 0.01%,7,2,1,True,Band 1: <= 0.001%; Band 2: 0.001% - 0.01%,Band 1: <= 0.001%,Band 2: 0.001% - 0.01%,0.001,0.005,4,1,0,False,Band 2: 0.001% - 0.01%,Band 2: 0.001% - 0.01%,Band 2: 0.001% - 0.01%,0.003,0.005,2,1,0,False,Band 2: 0.001% - 0.01%,Band 2: 0.001% - 0.01%,Band 2: 0.001% - 0.01%,0.003,0.005
32,Congo,0.005,Band 2: 0.001% - 0.01%,7,2,1,True,Band 1: <= 0.001%; Band 2: 0.001% - 0.01%,Band 1: <= 0.001%,Band 2: 0.001% - 0.01%,0.001,0.006,4,1,0,False,Band 2: 0.001% - 0.01%,Band 2: 0.001% - 0.01%,Band 2: 0.001% - 0.01%,0.005,0.006,2,1,0,False,Band 2: 0.001% - 0.01%,Band 2: 0.001% - 0.01%,Band 2: 0.001% - 0.01%,0.005,0.005
33,Egypt,0.182,Band 4: 0.1% - 1.0%,7,2,1,True,Band 3: 0.01% - 0.1%; Band 4: 0.1% - 1.0%,Band 3: 0.01% - 0.1%,Band 4: 0.1% - 1.0%,0.088,0.186,4,1,0,False,Band 4: 0.1% - 1.0%,Band 4: 0.1% - 1.0%,Band 4: 0.1% - 1.0%,0.139,0.186,2,1,0,False,Band 4: 0.1% - 1.0%,Band 4: 0.1% - 1.0%,Band 4: 0.1% - 1.0%,0.139,0.182
34,Gabon,0.011,Band 3: 0.01% - 0.1%,7,2,1,True,Band 2: 0.001% - 0.01%; Band 3: 0.01% - 0.1%,Band 2: 0.001% - 0.01%,Band 3: 0.01% - 0.1%,0.008,0.02,4,1,0,False,Band 3: 0.01% - 0.1%,Band 3: 0.01% - 0.1%,Band 3: 0.01% - 0.1%,0.011,0.017,2,1,0,False,Band 3: 0.01% - 0.1%,Band 3: 0.01% - 0.1%,Band 3: 0.01% - 0.1%,0.011,0.013
35,Ghana,0.025,Band 3: 0.01% - 0.1%,7,2,1,True,Band 2: 0.001% - 0.01%; Band 3: 0.01% - 0.1%,Band 2: 0.001% - 0.01%,Band 3: 0.01% - 0.1%,0.004,0.025,4,1,0,False,Band 3: 0.01% - 0.1%,Band 3: 0.01% - 0.1%,Band 3: 0.01% - 0.1%,0.015,0.025,2,1,0,False,Band 3: 0.01% - 0.1%,Band 3: 0.01% - 0.1%,Band 3: 0.01% - 0.1%,0.024,0.025
36,Guinea,0.004,Band 2: 0.001% - 0.01%,7,2,3,True,Band 1: <= 0.001%; Band 2: 0.001% - 0.01%,Band 1: <= 0.001%,Band 2: 0.001% - 0.01%,0.001,0.004,4,1,0,False,Band 2: 0.001% - 0.01%,Band 2: 0.001% - 0.01%,Band 2: 0.001% - 0.01%,0.002,0.004,2,1,0,False,Band 2: 0.001% - 0.01%,Band 2: 0.001% - 0.01%,Band 2: 0.001% - 0.01%,0.003,0.004
37,Iraq,0.131,Band 4: 0.1% - 1.0%,7,2,1,True,Band 3: 0.01% - 0.1%; Band 4: 0.1% - 1.0%,Band 3: 0.01% - 0.1%,Band 4: 0.1% - 1.0%,0.015,0.131,4,1,0,False,Band 4: 0.1% - 1.0%,Band 4: 0.1% - 1.0%,Band 4: 0.1% - 1.0%,0.128,0.131,2,1,0,False,Band 4: 0.1% - 1.0%,Band 4: 0.1% - 1.0%,Band 4: 0.1% - 1.0%,0.128,0.131
38,Jamaica,0.007,Band 2: 0.001% - 0.01%,7,2,2,True,Band 2: 0.001% - 0.01%; Band 3: 0.01% - 0.1%,Band 2: 0.001% - 0.01%,Band 2: 0.001% - 0.01%,0.007,0.014,4,1,0,False,Band 2: 0.001% - 0.01%,Band 2: 0.001% - 0.01%,Band 2: 0.001% - 0.01%,0.007,0.009,2,1,0,False,Band 2: 0.001% - 0.01%,Band 2: 0.001% - 0.01%,Band 2: 0.001% - 0.01%,0.007,0.008
39,Kazakhstan,0.131,Band 4: 0.1% - 1.0%,7,2,1,True,Band 3: 0.01% - 0.1%; Band 4: 0.1% - 1.0%,Band 3: 0.01% - 0.1%,Band 4: 0.1% - 1.0%,0.029,0.191,4,1,0,False,Band 4: 0.1% - 1.0%,Band 4: 0.1% - 1.0%,Band 4: 0.1% - 1.0%,0.131,0.191,2,1,0,False,Band 4: 0.1% - 1.0%,Band 4: 0.1% - 1.0%,Band 4: 0.1% - 1.0%,0.131,0.133
40,Kenya,0.037,Band 3: 0.01% - 0.1%,7,2,1,True,Band 2: 0.001% - 0.01%; Band 3: 0.01% - 0.1%,Band 2: 0.001% - 0.01%,Band 3: 0.01% - 0.1%,0.01,0.037,4,1,0,False,Band 3: 0.01% - 0.1%,Band 3: 0.01% - 0.1%,Band 3: 0.01% - 0.1%,0.018,0.037,2,1,0,False,Band 3: 0.01% - 0.1%,Band 3: 0.01% - 0.1%,Band 3: 0.01% - 0.1%,0.03,0.037
41,Kyrgyzstan,0.003,Band 2: 0.001% - 0.01%,7,2,1,True,Band 1: <= 0.001%; Band 2: 0.001% - 0.01%,Band 1: <= 0.001%,Band 2: 0.001% - 0.01%,0.001,0.003,4,1,0,False,Band 2: 0.001% - 0.01%,Band 2: 0.001% - 0.01%,Band 2: 0.001% - 0.01%,0.002,0.003,2,1,0,False,Band 2: 0.001% - 0.01%,Band 2: 0.001% - 0.01%,Band 2: 0.001% - 0.01%,0.002,0.003
42,Lao People's Democratic Republic,0.006,Band 2: 0.001% - 0.01%,7,2,1,True,Band 1: <= 0.001%; Band 2: 0.001% - 0.01%,Band 1: <= 0.001%,Band 2: 0.001% - 0.01%,0.001,0.007,4,1,0,False,Band 2: 0.001% - 0.01%,Band 2: 0.001% - 0.01%,Band 2: 0.001% - 0.01%,0.003,0.007,2,1,0,False,Band 2: 0.001% - 0.01%,Band 2: 0.001% - 0.01%,Band 2: 0.001% - 0.01%,0.006,0.007
43,Malawi,0.003,Band 2: 0.001% - 0.01%,7,2,1,True,Band 1: <= 0.001%; Band 2: 0.001% - 0.01%,Band 1: <= 0.001%,Band 2: 0.001% - 0.01%,0.001,0.003,4,1,0,False,Band 2: 0.001% - 0.01%,Band 2: 0.001% - 0.01%,Band 2: 0.001% - 0.01%,0.002,0.003,2,1,0,False,Band 2: 0.001% - 0.01%,Band 2: 0.001% - 0.01%,Band 2: 0.001% - 0.01%,0.002,0.003
44,Maldives,0.004,Band 2: 0.001% - 0.01%,7,2,1,True,Band 1: <= 0.001%; Band 2: 0.001% - 0.01%,Band 1: <= 0.001%,Band 2: 0.001% - 0.01%,0.001,0.004,4,1,0,False,Band 2: 0.001% - 0.01%,Band 2: 0.001% - 0.01%,Band 2: 0.001% - 0.01%,0.002,0.004,2,1,0,False,Band 2: 0.001% - 0.01%,Band 2: 0.001% - 0.01%,Band 2: 0.001% - 0.01%,0.004,0.004
45,Mali,0.005,Band 2: 0.001% - 0.01%,7,2,1,True,Band 1: <= 0.001%; Band 2: 0.001% - 0.01%,Band 1: <= 0.001%,Band 2: 0.001% - 0.01%,0.001,0.005,4,1,0,False,Band 2: 0.001% - 0.01%,Band 2: 0.001% - 0.01%,Band 2: 0.001% - 0.01%,0.003,0.005,2,1,0,False,Band 2: 0.001% - 0.01%,Band 2: 0.001% - 0.01%,Band 2: 0.001% - 0.01%,0.005,0.005
46,Mauritania,0.003,Band 2: 0.001% - 0.01%,7,2,1,True,Band 1: <= 0.001%; Band 2: 0.001% - 0.01%,Band 1: <= 0.001%,Band 2: 0.001% - 0.01%,0.001,0.003,4,1,0,False,Band 2: 0.001% - 0.01%,Band 2: 0.001% - 0.01%,Band 2: 0.001% - 0.01%,0.002,0.003,2,1,0,False,Band 2: 0.001% - 0.01%,Band 2: 0.001% - 0.01%,Band 2: 0.001% - 0.01%,0.002,0.003
47,Mongolia,0.004,Band 2: 0.001% - 0.01%,7,2,1,True,Band 1: <= 0.001%; Band 2: 0.001% - 0.01%,Band 1: <= 0.001%,Band 2: 0.001% - 0.01%,0.001,0.005,4,1,0,False,Band 2: 0.001% - 0.01%,Band 2: 0.001% - 0.01%,Band 2: 0.001% - 0.01%,0.004,0.005,2,1,0,False,Band 2: 0.001% - 0.01%,Band 2: 0.001% - 0.01%,Band 2: 0.001% - 0.01%,0.004,0.004
48,Montenegro,0.004,Band 2: 0.001% - 0.01%,7,2,1,True,Band 1: <= 0.001%; Band 2: 0.001% - 0.01%,Band 1: <= 0.001%,Band 2: 0.001% - 0.01%,0.001,0.005,4,1,0,False,Band 2: 0.001% - 0.01%,Band 2: 0.001% - 0.01%,Band 2: 0.001% - 0.01%,0.004,0.004,2,1,0,False,Band 2: 0.001% - 0.01%,Band 2: 0.001% - 0.01%,Band 2: 0.001% - 0.01%,0.004,0.004
49,Mozambique,0.002,Band 2: 0.001% - 0.01%,7,2,1,True,Band 1: <= 0.001%; Band 2: 0.001% - 0.01%,Band 1: <= 0.001%,Band 2: 0.001% - 0.01%,0.001,0.004,4,1,0,False,Band 2: 0.001% - 0.01%,Band 2: 0.001% - 0.01%,Band 2: 0.001% - 0.01%,0.002,0.004,2,1,0,False,Band 2: 0.001% - 0.01%,Band 2: 0.001% - 0.01%,Band 2: 0.001% - 0.01%,0.002,0.004
50,Niger,0.004,Band 2: 0.001% - 0.01%,7,2,1,True,Band 1: <= 0.001%; Band 2: 0.001% - 0.01%,Band 1: <= 0.001%,Band 2: 0.001% - 0.01%,0.001,0.004,4,1,0,False,Band 2: 0.001% - 0.01%,Band 2: 0.001% - 0.01%,Band 2: 0.001% - 0.01%,0.002,0.004,2,1,0,False,Band 2: 0.001% - 0.01%,Band 2: 0.001% - 0.01%,Band 2: 0.001% - 0.01%,0.003,0.004
51,Nigeria,0.15,Band 4: 0.1% - 1.0%,7,2,1,True,Band 3: 0.01% - 0.1%; Band 4: 0.1% - 1.0%,Band 3: 0.01% - 0.1%,Band 4: 0.1% - 1.0%,0.048,0.25,4,1,0,False,Band 4: 0.1% - 1.0%,Band 4: 0.1% - 1.0%,Band 4: 0.1% - 1.0%,0.15,0.25,2,1,0,False,Band 4: 0.1% - 1.0%,Band 4: 0.1% - 1.0%,Band 4: 0.1% - 1.0%,0.15,0.182
52,Paraguay,0.023,Band 3: 0.01% - 0.1%,7,2,1,True,Band 2: 0.001% - 0.01%; Band 3: 0.01% - 0.1%,Band 2: 0.001% - 0.01%,Band 3: 0.01% - 0.1%,0.005,0.026,4,1,0,False,Band 3: 0.01% - 0.1%,Band 3: 0.01% - 0.1%,Band 3: 0.01% - 0.1%,0.014,0.026,2,1,0,False,Band 3: 0.01% - 0.1%,Band 3: 0.01% - 0.1%,Band 3: 0.01% - 0.1%,0.023,0.026
53,Peru,0.145,Band 4: 0.1% - 1.0%,7,2,1,True,Band 3: 0.01% - 0.1%; Band 4: 0.1% - 1.0%,Band 3: 0.01% - 0.1%,Band 4: 0.1% - 1.0%,0.078,0.163,4,1,0,False,Band 4: 0.1% - 1.0%,Band 4: 0.1% - 1.0%,Band 4: 0.1% - 1.0%,0.136,0.163,2,1,0,False,Band 4: 0.1% - 1.0%,Band 4: 0.1% - 1.0%,Band 4: 0.1% - 1.0%,0.145,0.163
54,Philippines,0.198,Band 4: 0.1% - 1.0%,7,2,1,True,Band 3: 0.01% - 0.1%; Band 4: 0.1% - 1.0%,Band 3: 0.01% - 0.1%,Band 4: 0.1% - 1.0%,0.078,0.212,4,1,0,False,Band 4: 0.1% - 1.0%,Band 4: 0.1% - 1.0%,Band 4: 0.1% - 1.0%,0.165,0.212,2,1,0,False,Band 4: 0.1% - 1.0%,Band 4: 0.1% - 1.0%,Band 4: 0.1% - 1.0%,0.198,0.212
55,Republic of Moldova,0.006,Band 2: 0.001% - 0.01%,7,2,1,True,Band 1: <= 0.001%; Band 2: 0.001% - 0.01%,Band 1: <= 0.001%,Band 2: 0.001% - 0.01%,0.001,0.006,4,1,0,False,Band 2: 0.001% - 0.01%,Band 2: 0.001% - 0.01%,Band 2: 0.001% - 0.01%,0.003,0.006,2,1,0,False,Band 2: 0.001% - 0.01%,Band 2: 0.001% - 0.01%,Band 2: 0.001% - 0.01%,0.005,0.006
56,Rwanda,0.003,Band 2: 0.001% - 0.01%,7,2,1,True,Band 1: <= 0.001%; Band 2: 0.001% - 0.01%,Band 1: <= 0.001%,Band 2: 0.001% - 0.01%,0.001,0.003,4,1,0,False,Band 2: 0.001% - 0.01%,Band 2: 0.001% - 0.01%,Band 2: 0.001% - 0.01%,0.002,0.003,2,1,0,False,Band 2: 0.001% - 0.01%,Band 2: 0.001% - 0.01%,Band 2: 0.001% - 0.01%,0.003,0.003
57,Suriname,0.002,Band 2: 0.001% - 0.01%,7,2,1,True,Band 1: <= 0.001%; Band 2: 0.001% - 0.01%,Band 1: <= 0.001%,Band 2: 0.001% - 0.01%,0.001,0.006,4,1,0,False,Band 2: 0.001% - 0.01%,Band 2: 0.001% - 0.01%,Band 2: 0.001% - 0.01%,0.002,0.006,2,1,0,False,Band 2: 0.001% - 0.01%,Band 2: 0.001% - 0.01%,Band 2: 0.001% - 0.01%,0.002,0.003
58,Tajikistan,0.003,Band 2: 0.001% - 0.01%,7,2,1,True,Band 1: <= 0.001%; Band 2: 0.001% - 0.01%,Band 1: <= 0.001%,Band 2: 0.001% - 0.01%,0.001,0.004,4,1,0,False,Band 2: 0.001% - 0.01%,Band 2: 0.001% - 0.01%,Band 2: 0.001% - 0.01%,0.003,0.004,2,1,0,False,Band 2: 0.001% - 0.01%,Band 2: 0.001% - 0.01%,Band 2: 0.001% - 0.01%,0.003,0.003
59,Turkmenistan,0.036,Band 3: 0.01% - 0.1%,7,2,1,True,Band 2: 0.001% - 0.01%; Band 3: 0.01% - 0.1%,Band 2: 0.001% - 0.01%,Band 3: 0.01% - 0.1%,0.006,0.036,4,1,0,False,Band 3: 0.01% - 0.1%,Band 3: 0.01% - 0.1%,Band 3: 0.01% - 0.1%,0.026,0.036,2,1,0,False,Band 3: 0.01% - 0.1%,Band 3: 0.01% - 0.1%,Band 3: 0.01% - 0.1%,0.034,0.036
60,Uzbekistan,0.024,Band 3: 0.01% - 0.1%,7,2,1,True,Band 2: 0.001% - 0.01%; Band 3: 0.01% - 0.1%,Band 2: 0.001% - 0.01%,Band 3: 0.01% - 0.1%,0.008,0.032,4,1,0,False,Band 3: 0.01% - 0.1%,Band 3: 0.01% - 0.1%,Band 3: 0.01% - 0.1%,0.023,0.032,2,1,0,False,Band 3: 0.01% - 0.1%,Band 3: 0.01% - 0.1%,Band 3: 0.01% - 0.1%,0.024,0.027
61,Zambia,0.006,Band 2: 0.001% - 0.01%,7,2,1,True,Band 1: <= 0.001%; Band 2: 0.001% - 0.01%,Band 1: <= 0.001%,Band 2: 0.001% - 0.01%,0.001,0.009,4,1,0,False,Band 2: 0.001% - 0.01%,Band 2: 0.001% - 0.01%,Band 2: 0.001% - 0.01%,0.006,0.009,2,1,0,False,Band 2: 0.001% - 0.01%,Band 2: 0.001% - 0.01%,Band 2: 0.001% - 0.01%,0.006,0.008
62,Albania,0.01,Band 2: 0.001% - 0.01%,7,1,0,False,Band 2: 0.001% - 0.01%,Band 2: 0.001% - 0.01%,Band 2: 0.001% - 0.01%,0.006,0.01,4,1,0,False,Band 2: 0.001% - 0.01%,Band 2: 0.001% - 0.01%,Band 2: 0.001% - 0.01%,0.008,0.01,2,1,0,False,Band 2: 0.001% - 0.01%,Band 2: 0.001% - 0.01%,Band 2: 0.001% - 0.01%,0.008,0.01
63,Angola,0.01,Band 2: 0.001% - 0.01%,7,1,0,False,Band 2: 0.001% - 0.01%,Band 2: 0.001% - 0.01%,Band 2: 0.001% - 0.01%,0.003,0.01,4,1,0,False,Band 2: 0.001% - 0.01%,Band 2: 0.001% - 0.01%,Band 2: 0.001% - 0.01%,0.01,0.01,2,1,0,False,Band 2: 0.001% - 0.01%,Band 2: 0.001% - 0.01%,Band 2: 0.001% - 0.01%,0.01,0.01
64,Antigua and Barbuda,0.002,Band 2: 0.001% - 0.01%,7,1,0,False,Band 2: 0.001% - 0.01%,Band 2: 0.001% - 0.01%,Band 2: 0.001% - 0.01%,0.002,0.002,4,1,0,False,Band 2: 0.001% - 0.01%,Band 2: 0.001% - 0.01%,Band 2: 0.001% - 0.01%,0.002,0.002,2,1,0,False,Band 2: 0.001% - 0.01%,Band 2: 0.001% - 0.01%,Band 2: 0.001% - 0.01%,0.002,0.002
65,Argentina,0.49,Band 4: 0.1% - 1.0%,7,1,0,False,Band 4: 0.1% - 1.0%,Band 4: 0.1% - 1.0%,Band 4: 0.1% - 1.0%,0.287,0.915,4,1,0,False,Band 4: 0.1% - 1.0%,Band 4: 0.1% - 1.0%,Band 4: 0.1% - 1.0%,0.49,0.915,2,1,0,False,Band 4: 0.1% - 1.0%,Band 4: 0.1% - 1.0%,Band 4: 0.1% - 1.0%,0.49,0.719
66,Armenia,0.007,Band 2: 0.001% - 0.01%,7,1,0,False,Band 2: 0.001% - 0.01%,Band 2: 0.001% - 0.01%,Band 2: 0.001% - 0.01%,0.002,0.007,4,1,0,False,Band 2: 0.001% - 0.01%,Band 2: 0.001% - 0.01%,Band 2: 0.001% - 0.01%,0.006,0.007,2,1,0,False,Band 2: 0.001% - 0.01%,Band 2: 0.001% - 0.01%,Band 2: 0.001% - 0.01%,0.007,0.007
67,Bahamas,0.015,Band 3: 0.01% - 0.1%,7,1,0,False,Band 3: 0.01% - 0.1%,Band 3: 0.01% - 0.1%,Band 3: 0.01% - 0.1%,0.014,0.019,4,1,0,False,Band 3: 0.01% - 0.1%,Band 3: 0.01% - 0.1%,Band 3: 0.01% - 0.1%,0.014,0.019,2,1,0,False,Band 3: 0.01% - 0.1%,Band 3: 0.01% - 0.1%,Band 3: 0.01% - 0.1%,0.015,0.019
68,Bangladesh,0.01,Band 2: 0.001% - 0.01%,7,1,0,False,Band 2: 0.001% - 0.01%,Band 2: 0.001% - 0.01%,Band 2: 0.001% - 0.01%,0.01,0.01,4,1,0,False,Band 2: 0.001% - 0.01%,Band 2: 0.001% - 0.01%,Band 2: 0.001% - 0.01%,0.01,0.01,2,1,0,False,Band 2: 0.001% - 0.01%,Band 2: 0.001% - 0.01%,Band 2: 0.001% - 0.01%,0.01,0.01
69,Barbados,0.007,Band 2: 0.001% - 0.01%,7,1,0,False,Band 2: 0.001% - 0.01%,Band 2: 0.001% - 0.01%,Band 2: 0.001% - 0.01%,0.007,0.009,4,1,0,False,Band 2: 0.001% - 0.01%,Band 2: 0.001% - 0.01%,Band 2: 0.001% - 0.01%,0.007,0.008,2,1,0,False,Band 2: 0.001% - 0.01%,Band 2: 0.001% - 0.01%,Band 2: 0.001% - 0.01%,0.007,0.008
70,Belarus,0.043,Band 3: 0.01% - 0.1%,7,1,0,False,Band 3: 0.01% - 0.1%,Band 3: 0.01% - 0.1%,Band 3: 0.01% - 0.1%,0.02,0.056,4,1,0,False,Band 3: 0.01% - 0.1%,Band 3: 0.01% - 0.1%,Band 3: 0.01% - 0.1%,0.041,0.056,2,1,0,False,Band 3: 0.01% - 0.1%,Band 3: 0.01% - 0.1%,Band 3: 0.01% - 0.1%,0.041,0.043
71,Belize,0.001,Band 1: <= 0.001%,7,1,0,False,Band 1: <= 0.001%,Band 1: <= 0.001%,Band 1: <= 0.001%,0.001,0.001,4,1,0,False,Band 1: <= 0.001%,Band 1: <= 0.001%,Band 1: <= 0.001%,0.001,0.001,2,1,0,False,Band 1: <= 0.001%,Band 1: <= 0.001%,Band 1: <= 0.001%,0.001,0.001
72,Bhutan,0.001,Band 1: <= 0.001%,7,1,0,False,Band 1: <= 0.001%,Band 1: <= 0.001%,Band 1: <= 0.001%,0.001,0.001,4,1,0,False,Band 1: <= 0.001%,Band 1: <= 0.001%,Band 1: <= 0.001%,0.001,0.001,2,1,0,False,Band 1: <= 0.001%,Band 1: <= 0.001%,Band 1: <= 0.001%,0.001,0.001
73,Botswana,0.013,Band 3: 0.01% - 0.1%,7,1,0,False,Band 3: 0.01% - 0.1%,Band 3: 0.01% - 0.1%,Band 3: 0.01% - 0.1%,0.013,0.018,4,1,0,False,Band 3: 0.01% - 0.1%,Band 3: 0.01% - 0.1%,Band 3: 0.01% - 0.1%,0.013,0.015,2,1,0,False,Band 3: 0.01% - 0.1%,Band 3: 0.01% - 0.1%,Band 3: 0.01% - 0.1%,0.013,0.015
74,Burkina Faso,0.005,Band 2: 0.001% - 0.01%,7,1,0,False,Band 2: 0.001% - 0.01%,Band 2: 0.001% - 0.01%,Band 2: 0.001% - 0.01%,0.002,0.005,4,1,0,False,Band 2: 0.001% - 0.01%,Band 2: 0.001% - 0.01%,Band 2: 0.001% - 0.01%,0.003,0.005,2,1,0,False,Band 2: 0.001% - 0.01%,Band 2: 0.001% - 0.01%,Band 2: 0.001% - 0.01%,0.004,0.005
75,Burundi,0.001,Band 1: <= 0.001%,7,1,0,False,Band 1: <= 0.001%,Band 1: <= 0.001%,Band 1: <= 0.001%,0.001,0.001,4,1,0,False,Band 1: <= 0.001%,Band 1: <= 0.001%,Band 1: <= 0.001%,0.001,0.001,2,1,0,False,Band 1: <= 0.001%,Band 1: <= 0.001%,Band 1: <= 0.001%,0.001,0.001
76,Cabo Verde,0.001,Band 1: <= 0.001%,7,1,0,False,Band 1: <= 0.001%,Band 1: <= 0.001%,Band 1: <= 0.001%,0.001,0.001,4,1,0,False,Band 1: <= 0.001%,Band 1: <= 0.001%,Band 1: <= 0.001%,0.001,0.001,2,1,0,False,Band 1: <= 0.001%,Band 1: <= 0.001%,Band 1: <= 0.001%,0.001,0.001
77,Central African Republic,0.001,Band 1: <= 0.001%,7,1,0,False,Band 1: <= 0.001%,Band 1: <= 0.001%,Band 1: <= 0.001%,0.001,0.001,4,1,0,False,Band 1: <= 0.001%,Band 1: <= 0.001%,Band 1: <= 0.001%,0.001,0.001,2,1,0,False,Band 1: <= 0.001%,Band 1: <= 0.001%,Band 1: <= 0.001%,0.001,0.001
78,Colombia,0.197,Band 4: 0.1% - 1.0%,7,1,0,False,Band 4: 0.1% - 1.0%,Band 4: 0.1% - 1.0%,Band 4: 0.1% - 1.0%,0.105,0.322,4,1,0,False,Band 4: 0.1% - 1.0%,Band 4: 0.1% - 1.0%,Band 4: 0.1% - 1.0%,0.197,0.322,2,1,0,False,Band 4: 0.1% - 1.0%,Band 4: 0.1% - 1.0%,Band 4: 0.1% - 1.0%,0.197,0.246
79,Comoros,0.001,Band 1: <= 0.001%,7,1,0,False,Band 1: <= 0.001%,Band 1: <= 0.001%,Band 1: <= 0.001%,0.001,0.001,4,1,0,False,Band 1: <= 0.001%,Band 1: <= 0.001%,Band 1: <= 0.001%,0.001,0.001,2,1,0,False,Band 1: <= 0.001%,Band 1: <= 0.001%,Band 1: <= 0.001%,0.001,0.001
80,Democratic People's Republic of Korea,0.005,Band 2: 0.001% - 0.01%,7,1,0,False,Band 2: 0.001% - 0.01%,Band 2: 0.001% - 0.01%,Band 2: 0.001% - 0.01%,0.005,0.007,4,1,0,False,Band 2: 0.001% - 0.01%,Band 2: 0.001% - 0.01%,Band 2: 0.001% - 0.01%,0.005,0.006,2,1,0,False,Band 2: 0.001% - 0.01%,Band 2: 0.001% - 0.01%,Band 2: 0.001% - 0.01%,0.005,0.005
81,Democratic Republic of the Congo,0.01,Band 2: 0.001% - 0.01%,7,1,0,False,Band 2: 0.001% - 0.01%,Band 2: 0.001% - 0.01%,Band 2: 0.001% - 0.01%,0.003,0.01,4,1,0,False,Band 2: 0.001% - 0.01%,Band 2: 0.001% - 0.01%,Band 2: 0.001% - 0.01%,0.008,0.01,2,1,0,False,Band 2: 0.001% - 0.01%,Band 2: 0.001% - 0.01%,Band 2: 0.001% - 0.01%,0.01,0.01
82,Dominica,0.001,Band 1: <= 0.001%,7,1,0,False,Band 1: <= 0.001%,Band 1: <= 0.001%,Band 1: <= 0.001%,0.001,0.001,4,1,0,False,Band 1: <= 0.001%,Band 1: <= 0.001%,Band 1: <= 0.001%,0.001,0.001,2,1,0,False,Band 1: <= 0.001%,Band 1: <= 0.001%,Band 1: <= 0.001%,0.001,0.001
83,Dominican Republic,0.069,Band 3: 0.01% - 0.1%,7,1,0,False,Band 3: 0.01% - 0.1%,Band 3: 0.01% - 0.1%,Band 3: 0.01% - 0.1%,0.024,0.069,4,1,0,False,Band 3: 0.01% - 0.1%,Band 3: 0.01% - 0.1%,Band 3: 0.01% - 0.1%,0.046,0.069,2,1,0,False,Band 3: 0.01% - 0.1%,Band 3: 0.01% - 0.1%,Band 3: 0.01% - 0.1%,0.067,0.069
84,Ecuador,0.065,Band 3: 0.01% - 0.1%,7,1,0,False,Band 3: 0.01% - 0.1%,Band 3: 0.01% - 0.1%,Band 3: 0.01% - 0.1%,0.020999999999999998,0.08,4,1,0,False,Band 3: 0.01% - 0.1%,Band 3: 0.01% - 0.1%,Band 3: 0.01% - 0.1%,0.065,0.08,2,1,0,False,Band 3: 0.01% - 0.1%,Band 3: 0.01% - 0.1%,Band 3: 0.01% - 0.1%,0.065,0.077
85,El Salvador,0.013,Band 3: 0.01% - 0.1%,7,1,0,False,Band 3: 0.01% - 0.1%,Band 3: 0.01% - 0.1%,Band 3: 0.01% - 0.1%,0.012,0.02,4,1,0,False,Band 3: 0.01% - 0.1%,Band 3: 0.01% - 0.1%,Band 3: 0.01% - 0.1%,0.012,0.014,2,1,0,False,Band 3: 0.01% - 0.1%,Band 3: 0.01% - 0.1%,Band 3: 0.01% - 0.1%,0.013,0.013
86,Eritrea,0.001,Band 1: <= 0.001%,7,1,0,False,Band 1: <= 0.001%,Band 1: <= 0.001%,Band 1: <= 0.001%,0.001,0.001,4,1,0,False,Band 1: <= 0.001%,Band 1: <= 0.001%,Band 1: <= 0.001%,0.001,0.001,2,1,0,False,Band 1: <= 0.001%,Band 1: <= 0.001%,Band 1: <= 0.001%,0.001,0.001
87,Eswatini,0.002,Band 2: 0.001% - 0.01%,7,1,0,False,Band 2: 0.001% - 0.01%,Band 2: 0.001% - 0.01%,Band 2: 0.001% - 0.01%,0.002,0.003,4,1,0,False,Band 2: 0.001% - 0.01%,Band 2: 0.001% - 0.01%,Band 2: 0.001% - 0.01%,0.002,0.002,2,1,0,False,Band 2: 0.001% - 0.01%,Band 2: 0.001% - 0.01%,Band 2: 0.001% - 0.01%,0.002,0.002
88,Ethiopia,0.01,Band 2: 0.001% - 0.01%,7,1,0,False,Band 2: 0.001% - 0.01%,Band 2: 0.001% - 0.01%,Band 2: 0.001% - 0.01%,0.003,0.01,4,1,0,False,Band 2: 0.001% - 0.01%,Band 2: 0.001% - 0.01%,Band 2: 0.001% - 0.01%,0.01,0.01,2,1,0,False,Band 2: 0.001% - 0.01%,Band 2: 0.001% - 0.01%,Band 2: 0.001% - 0.01%,0.01,0.01
89,Fiji,0.003,Band 2: 0.001% - 0.01%,7,1,0,False,Band 2: 0.001% - 0.01%,Band 2: 0.001% - 0.01%,Band 2: 0.001% - 0.01%,0.003,0.004,4,1,0,False,Band 2: 0.001% - 0.01%,Band 2: 0.001% - 0.01%,Band 2: 0.001% - 0.01%,0.003,0.004,2,1,0,False,Band 2: 0.001% - 0.01%,Band 2: 0.001% - 0.01%,Band 2: 0.001% - 0.01%,0.003,0.004
90,Gambia,0.001,Band 1: <= 0.001%,7,1,0,False,Band 1: <= 0.001%,Band 1: <= 0.001%,Band 1: <= 0.001%,0.001,0.001,4,1,0,False,Band 1: <= 0.001%,Band 1: <= 0.001%,Band 1: <= 0.001%,0.001,0.001,2,1,0,False,Band 1: <= 0.001%,Band 1: <= 0.001%,Band 1: <= 0.001%,0.001,0.001
91,Georgia,0.009,Band 2: 0.001% - 0.01%,7,1,0,False,Band 2: 0.001% - 0.01%,Band 2: 0.001% - 0.01%,Band 2: 0.001% - 0.01%,0.003,0.009,4,1,0,False,Band 2: 0.001% - 0.01%,Band 2: 0.001% - 0.01%,Band 2: 0.001% - 0.01%,0.008,0.009,2,1,0,False,Band 2: 0.001% - 0.01%,Band 2: 0.001% - 0.01%,Band 2: 0.001% - 0.01%,0.008,0.009
92,Grenada,0.001,Band 1: <= 0.001%,7,1,0,False,Band 1: <= 0.001%,Band 1: <= 0.001%,Band 1: <= 0.001%,0.001,0.001,4,1,0,False,Band 1: <= 0.001%,Band 1: <= 0.001%,Band 1: <= 0.001%,0.001,0.001,2,1,0,False,Band 1: <= 0.001%,Band 1: <= 0.001%,Band 1: <= 0.001%,0.001,0.001
93,Guatemala,0.046,Band 3: 0.01% - 0.1%,7,1,0,False,Band 3: 0.01% - 0.1%,Band 3: 0.01% - 0.1%,Band 3: 0.01% - 0.1%,0.027,0.046,4,1,0,False,Band 3: 0.01% - 0.1%,Band 3: 0.01% - 0.1%,Band 3: 0.01% - 0.1%,0.028,0.046,2,1,0,False,Band 3: 0.01% - 0.1%,Band 3: 0.01% - 0.1%,Band 3: 0.01% - 0.1%,0.041,0.046
94,Guinea-Bissau,0.001,Band 1: <= 0.001%,7,1,0,False,Band 1: <= 0.001%,Band 1: <= 0.001%,Band 1: <= 0.001%,0.001,0.001,4,1,0,False,Band 1: <= 0.001%,Band 1: <= 0.001%,Band 1: <= 0.001%,0.001,0.001,2,1,0,False,Band 1: <= 0.001%,Band 1: <= 0.001%,Band 1: <= 0.001%,0.001,0.001
95,Haiti,0.006,Band 2: 0.001% - 0.01%,7,1,0,False,Band 2: 0.001% - 0.01%,Band 2: 0.001% - 0.01%,Band 2: 0.001% - 0.01%,0.002,0.006,4,1,0,False,Band 2: 0.001% - 0.01%,Band 2: 0.001% - 0.01%,Band 2: 0.001% - 0.01%,0.003,0.006,2,1,0,False,Band 2: 0.001% - 0.01%,Band 2: 0.001% - 0.01%,Band 2: 0.001% - 0.01%,0.006,0.006
96,Honduras,0.01,Band 2: 0.001% - 0.01%,7,1,0,False,Band 2: 0.001% - 0.01%,Band 2: 0.001% - 0.01%,Band 2: 0.001% - 0.01%,0.005,0.01,4,1,0,False,Band 2: 0.001% - 0.01%,Band 2: 0.001% - 0.01%,Band 2: 0.001% - 0.01%,0.008,0.01,2,1,0,False,Band 2: 0.001% - 0.01%,Band 2: 0.001% - 0.01%,Band 2: 0.001% - 0.01%,0.009,0.01
97,Indonesia,0.579,Band 4: 0.1% - 1.0%,7,1,0,False,Band 4: 0.1% - 1.0%,Band 4: 0.1% - 1.0%,Band 4: 0.1% - 1.0%,0.161,0.579,4,1,0,False,Band 4: 0.1% - 1.0%,Band 4: 0.1% - 1.0%,Band 4: 0.1% - 1.0%,0.504,0.579,2,1,0,False,Band 4: 0.1% - 1.0%,Band 4: 0.1% - 1.0%,Band 4: 0.1% - 1.0%,0.549,0.579
98,Iran (Islamic Republic of),0.386,Band 4: 0.1% - 1.0%,7,1,0,False,Band 4: 0.1% - 1.0%,Band 4: 0.1% - 1.0%,Band 4: 0.1% - 1.0%,0.18,0.471,4,1,0,False,Band 4: 0.1% - 1.0%,Band 4: 0.1% - 1.0%,Band 4: 0.1% - 1.0%,0.371,0.471,2,1,0,False,Band 4: 0.1% - 1.0%,Band 4: 0.1% - 1.0%,Band 4: 0.1% - 1.0%,0.371,0.386
99,Jordan,0.021,Band 3: 0.01% - 0.1%,7,1,0,False,Band 3: 0.01% - 0.1%,Band 3: 0.01% - 0.1%,Band 3: 0.01% - 0.1%,0.012,0.022,4,1,0,False,Band 3: 0.01% - 0.1%,Band 3: 0.01% - 0.1%,Band 3: 0.01% - 0.1%,0.02,0.022,2,1,0,False,Band 3: 0.01% - 0.1%,Band 3: 0.01% - 0.1%,Band 3: 0.01% - 0.1%,0.021,0.022
100,Kiribati,0.001,Band 1: <= 0.001%,7,1,0,False,Band 1: <= 0.001%,Band 1: <= 0.001%,Band 1: <= 0.001%,0.001,0.001,4,1,0,False,Band 1: <= 0.001%,Band 1: <= 0.001%,Band 1: <= 0.001%,0.001,0.001,2,1,0,False,Band 1: <= 0.001%,Band 1: <= 0.001%,Band 1: <= 0.001%,0.001,0.001
101,Lebanon,0.022,Band 3: 0.01% - 0.1%,7,1,0,False,Band 3: 0.01% - 0.1%,Band 3: 0.01% - 0.1%,Band 3: 0.01% - 0.1%,0.022,0.047,4,1,0,False,Band 3: 0.01% - 0.1%,Band 3: 0.01% - 0.1%,Band 3: 0.01% - 0.1%,0.022,0.047,2,1,0,False,Band 3: 0.01% - 0.1%,Band 3: 0.01% - 0.1%,Band 3: 0.01% - 0.1%,0.022,0.036
102,Lesotho,0.001,Band 1: <= 0.001%,7,1,0,False,Band 1: <= 0.001%,Band 1: <= 0.001%,Band 1: <= 0.001%,0.001,0.001,4,1,0,False,Band 1: <= 0.001%,Band 1: <= 0.001%,Band 1: <= 0.001%,0.001,0.001,2,1,0,False,Band 1: <= 0.001%,Band 1: <= 0.001%,Band 1: <= 0.001%,0.001,0.001
103,Liberia,0.001,Band 1: <= 0.001%,7,1,0,False,Band 1: <= 0.001%,Band 1: <= 0.001%,Band 1: <= 0.001%,0.001,0.001,4,1,0,False,Band 1: <= 0.001%,Band 1: <= 0.001%,Band 1: <= 0.001%,0.001,0.001,2,1,0,False,Band 1: <= 0.001%,Band 1: <= 0.001%,Band 1: <= 0.001%,0.001,0.001
104,Madagascar,0.004,Band 2: 0.001% - 0.01%,7,1,0,False,Band 2: 0.001% - 0.01%,Band 2: 0.001% - 0.01%,Band 2: 0.001% - 0.01%,0.002,0.004,4,1,0,False,Band 2: 0.001% - 0.01%,Band 2: 0.001% - 0.01%,Band 2: 0.001% - 0.01%,0.003,0.004,2,1,0,False,Band 2: 0.001% - 0.01%,Band 2: 0.001% - 0.01%,Band 2: 0.001% - 0.01%,0.004,0.004
105,Malaysia,0.326,Band 4: 0.1% - 1.0%,7,1,0,False,Band 4: 0.1% - 1.0%,Band 4: 0.1% - 1.0%,Band 4: 0.1% - 1.0%,0.19,0.348,4,1,0,False,Band 4: 0.1% - 1.0%,Band 4: 0.1% - 1.0%,Band 4: 0.1% - 1.0%,0.322,0.348,2,1,0,False,Band 4: 0.1% - 1.0%,Band 4: 0.1% - 1.0%,Band 4: 0.1% - 1.0%,0.326,0.348
106,Marshall Islands,0.001,Band 1: <= 0.001%,7,1,0,False,Band 1: <= 0.001%,Band 1: <= 0.001%,Band 1: <= 0.001%,0.001,0.001,4,1,0,False,Band 1: <= 0.001%,Band 1: <= 0.001%,Band 1: <= 0.001%,0.001,0.001,2,1,0,False,Band 1: <= 0.001%,Band 1: <= 0.001%,Band 1: <= 0.001%,0.001,0.001
107,Mexico,1.137,Band 5: 1.0% - 10.0%,7,1,0,False,Band 5: 1.0% - 10.0%,Band 5: 1.0% - 10.0%,Band 5: 1.0% - 10.0%,1.137,2.356,4,1,0,False,Band 5: 1.0% - 10.0%,Band 5: 1.0% - 10.0%,Band 5: 1.0% - 10.0%,1.137,1.435,2,1,0,False,Band 5: 1.0% - 10.0%,Band 5: 1.0% - 10.0%,Band 5: 1.0% - 10.0%,1.137,1.221
108,Micronesia (Federated States of),0.001,Band 1: <= 0.001%,7,1,0,False,Band 1: <= 0.001%,Band 1: <= 0.001%,Band 1: <= 0.001%,0.001,0.001,4,1,0,False,Band 1: <= 0.001%,Band 1: <= 0.001%,Band 1: <= 0.001%,0.001,0.001,2,1,0,False,Band 1: <= 0.001%,Band 1: <= 0.001%,Band 1: <= 0.001%,0.001,0.001
109,Morocco,0.059,Band 3: 0.01% - 0.1%,7,1,0,False,Band 3: 0.01% - 0.1%,Band 3: 0.01% - 0.1%,Band 3: 0.01% - 0.1%,0.042,0.062,4,1,0,False,Band 3: 0.01% - 0.1%,Band 3: 0.01% - 0.1%,Band 3: 0.01% - 0.1%,0.054,0.059,2,1,0,False,Band 3: 0.01% - 0.1%,Band 3: 0.01% - 0.1%,Band 3: 0.01% - 0.1%,0.055,0.059
110,Myanmar,0.01,Band 2: 0.001% - 0.01%,7,1,0,False,Band 2: 0.001% - 0.01%,Band 2: 0.001% - 0.01%,Band 2: 0.001% - 0.01%,0.005,0.01,4,1,0,False,Band 2: 0.001% - 0.01%,Band 2: 0.001% - 0.01%,Band 2: 0.001% - 0.01%,0.01,0.01,2,1,0,False,Band 2: 0.001% - 0.01%,Band 2: 0.001% - 0.01%,Band 2: 0.001% - 0.01%,0.01,0.01
111,Namibia,0.007,Band 2: 0.001% - 0.01%,7,1,0,False,Band 2: 0.001% - 0.01%,Band 2: 0.001% - 0.01%,Band 2: 0.001% - 0.01%,0.006,0.01,4,1,0,False,Band 2: 0.001% - 0.01%,Band 2: 0.001% - 0.01%,Band 2: 0.001% - 0.01%,0.007,0.01,2,1,0,False,Band 2: 0.001% - 0.01%,Band 2: 0.001% - 0.01%,Band 2: 0.001% - 0.01%,0.007,0.009
112,Nauru,0.001,Band 1: <= 0.001%,7,1,0,False,Band 1: <= 0.001%,Band 1: <= 0.001%,Band 1: <= 0.001%,0.001,0.001,4,1,0,False,Band 1: <= 0.001%,Band 1: <= 0.001%,Band 1: <= 0.001%,0.001,0.001,2,1,0,False,Band 1: <= 0.001%,Band 1: <= 0.001%,Band 1: <= 0.001%,0.001,0.001
113,Nepal,0.01,Band 2: 0.001% - 0.01%,7,1,0,False,Band 2: 0.001% - 0.01%,Band 2: 0.001% - 0.01%,Band 2: 0.001% - 0.01%,0.003,0.01,4,1,0,False,Band 2: 0.001% - 0.01%,Band 2: 0.001% - 0.01%,Band 2: 0.001% - 0.01%,0.006,0.01,2,1,0,False,Band 2: 0.001% - 0.01%,Band 2: 0.001% - 0.01%,Band 2: 0.001% - 0.01%,0.01,0.01
114,Nicaragua,0.004,Band 2: 0.001% - 0.01%,7,1,0,False,Band 2: 0.001% - 0.01%,Band 2: 0.001% - 0.01%,Band 2: 0.001% - 0.01%,0.002,0.005,4,1,0,False,Band 2: 0.001% - 0.01%,Band 2: 0.001% - 0.01%,Band 2: 0.001% - 0.01%,0.004,0.005,2,1,0,False,Band 2: 0.001% - 0.01%,Band 2: 0.001% - 0.01%,Band 2: 0.001% - 0.01%,0.004,0.005
115,North Macedonia,0.008,Band 2: 0.001% - 0.01%,7,1,0,False,Band 2: 0.001% - 0.01%,Band 2: 0.001% - 0.01%,Band 2: 0.001% - 0.01%,0.005,0.008,4,1,0,False,Band 2: 0.001% - 0.01%,Band 2: 0.001% - 0.01%,Band 2: 0.001% - 0.01%,0.007,0.008,2,1,0,False,Band 2: 0.001% - 0.01%,Band 2: 0.001% - 0.01%,Band 2: 0.001% - 0.01%,0.007,0.008
116,Palau,0.001,Band 1: <= 0.001%,7,1,0,False,Band 1: <= 0.001%,Band 1: <= 0.001%,Band 1: <= 0.001%,0.001,0.001,4,1,0,False,Band 1: <= 0.001%,Band 1: <= 0.001%,Band 1: <= 0.001%,0.001,0.001,2,1,0,False,Band 1: <= 0.001%,Band 1: <= 0.001%,Band 1: <= 0.001%,0.001,0.001
117,Papua New Guinea,0.009,Band 2: 0.001% - 0.01%,7,1,0,False,Band 2: 0.001% - 0.01%,Band 2: 0.001% - 0.01%,Band 2: 0.001% - 0.01%,0.002,0.01,4,1,0,False,Band 2: 0.001% - 0.01%,Band 2: 0.001% - 0.01%,Band 2: 0.001% - 0.01%,0.004,0.01,2,1,0,False,Band 2: 0.001% - 0.01%,Band 2: 0.001% - 0.01%,Band 2: 0.001% - 0.01%,0.009,0.01
118,Saint Vincent and the Grenadines,0.001,Band 1: <= 0.001%,7,1,0,False,Band 1: <= 0.001%,Band 1: <= 0.001%,Band 1: <= 0.001%,0.001,0.001,4,1,0,False,Band 1: <= 0.001%,Band 1: <= 0.001%,Band 1: <= 0.001%,0.001,0.001,2,1,0,False,Band 1: <= 0.001%,Band 1: <= 0.001%,Band 1: <= 0.001%,0.001,0.001
119,Samoa,0.001,Band 1: <= 0.001%,7,1,0,False,Band 1: <= 0.001%,Band 1: <= 0.001%,Band 1: <= 0.001%,0.001,0.001,4,1,0,False,Band 1: <= 0.001%,Band 1: <= 0.001%,Band 1: <= 0.001%,0.001,0.001,2,1,0,False,Band 1: <= 0.001%,Band 1: <= 0.001%,Band 1: <= 0.001%,0.001,0.001
120,Sao Tome and Principe,0.001,Band 1: <= 0.001%,7,1,0,False,Band 1: <= 0.001%,Band 1: <= 0.001%,Band 1: <= 0.001%,0.001,0.001,4,1,0,False,Band 1: <= 0.001%,Band 1: <= 0.001%,Band 1: <= 0.001%,0.001,0.001,2,1,0,False,Band 1: <= 0.001%,Band 1: <= 0.001%,Band 1: <= 0.001%,0.001,0.001
121,Senegal,0.007,Band 2: 0.001% - 0.01%,7,1,0,False,Band 2: 0.001% - 0.01%,Band 2: 0.001% - 0.01%,Band 2: 0.001% - 0.01%,0.004,0.007,4,1,0,False,Band 2: 0.001% - 0.01%,Band 2: 0.001% - 0.01%,Band 2: 0.001% - 0.01%,0.005,0.007,2,1,0,False,Band 2: 0.001% - 0.01%,Band 2: 0.001% - 0.01%,Band 2: 0.001% - 0.01%,0.007,0.007
122,Serbia,0.04,Band 3: 0.01% - 0.1%,7,1,0,False,Band 3: 0.01% - 0.1%,Band 3: 0.01% - 0.1%,Band 3: 0.01% - 0.1%,0.021,0.04,4,1,0,False,Band 3: 0.01% - 0.1%,Band 3: 0.01% - 0.1%,Band 3: 0.01% - 0.1%,0.028,0.04,2,1,0,False,Band 3: 0.01% - 0.1%,Band 3: 0.01% - 0.1%,Band 3: 0.01% - 0.1%,0.032,0.04
123,Sierra Leone,0.001,Band 1: <= 0.001%,7,1,0,False,Band 1: <= 0.001%,Band 1: <= 0.001%,Band 1: <= 0.001%,0.001,0.001,4,1,0,False,Band 1: <= 0.001%,Band 1: <= 0.001%,Band 1: <= 0.001%,0.001,0.001,2,1,0,False,Band 1: <= 0.001%,Band 1: <= 0.001%,Band 1: <= 0.001%,0.001,0.001
124,Singapore,0.479,Band 4: 0.1% - 1.0%,7,1,0,False,Band 4: 0.1% - 1.0%,Band 4: 0.1% - 1.0%,Band 4: 0.1% - 1.0%,0.335,0.504,4,1,0,False,Band 4: 0.1% - 1.0%,Band 4: 0.1% - 1.0%,Band 4: 0.1% - 1.0%,0.447,0.504,2,1,0,False,Band 4: 0.1% - 1.0%,Band 4: 0.1% - 1.0%,Band 4: 0.1% - 1.0%,0.479,0.504
125,Solomon Islands,0.001,Band 1: <= 0.001%,7,1,0,False,Band 1: <= 0.001%,Band 1: <= 0.001%,Band 1: <= 0.001%,0.001,0.001,4,1,0,False,Band 1: <= 0.001%,Band 1: <= 0.001%,Band 1: <= 0.001%,0.001,0.001,2,1,0,False,Band 1: <= 0.001%,Band 1: <= 0.001%,Band 1: <= 0.001%,0.001,0.001
126,South Africa,0.251,Band 4: 0.1% - 1.0%,7,1,0,False,Band 4: 0.1% - 1.0%,Band 4: 0.1% - 1.0%,Band 4: 0.1% - 1.0%,0.244,0.385,4,1,0,False,Band 4: 0.1% - 1.0%,Band 4: 0.1% - 1.0%,Band 4: 0.1% - 1.0%,0.244,0.364,2,1,0,False,Band 4: 0.1% - 1.0%,Band 4: 0.1% - 1.0%,Band 4: 0.1% - 1.0%,0.244,0.251
127,South Sudan,0.005,Band 2: 0.001% - 0.01%,5,1,0,False,Band 2: 0.001% - 0.01%,Band 2: 0.001% - 0.01%,Band 2: 0.001% - 0.01%,0.002,0.006,4,1,0,False,Band 2: 0.001% - 0.01%,Band 2: 0.001% - 0.01%,Band 2: 0.001% - 0.01%,0.002,0.006,2,1,0,False,Band 2: 0.001% - 0.01%,Band 2: 0.001% - 0.01%,Band 2: 0.001% - 0.01%,0.002,0.005
128,Sri Lanka,0.038,Band 3: 0.01% - 0.1%,7,1,0,False,Band 3: 0.01% - 0.1%,Band 3: 0.01% - 0.1%,Band 3: 0.01% - 0.1%,0.016,0.045,4,1,0,False,Band 3: 0.01% - 0.1%,Band 3: 0.01% - 0.1%,Band 3: 0.01% - 0.1%,0.031,0.045,2,1,0,False,Band 3: 0.01% - 0.1%,Band 3: 0.01% - 0.1%,Band 3: 0.01% - 0.1%,0.038,0.045
129,Sudan,0.008,Band 2: 0.001% - 0.01%,7,1,0,False,Band 2: 0.001% - 0.01%,Band 2: 0.001% - 0.01%,Band 2: 0.001% - 0.01%,0.008,0.01,4,1,0,False,Band 2: 0.001% - 0.01%,Band 2: 0.001% - 0.01%,Band 2: 0.001% - 0.01%,0.008,0.01,2,1,0,False,Band 2: 0.001% - 0.01%,Band 2: 0.001% - 0.01%,Band 2: 0.001% - 0.01%,0.008,0.01
130,Thailand,0.341,Band 4: 0.1% - 1.0%,7,1,0,False,Band 4: 0.1% - 1.0%,Band 4: 0.1% - 1.0%,Band 4: 0.1% - 1.0%,0.186,0.368,4,1,0,False,Band 4: 0.1% - 1.0%,Band 4: 0.1% - 1.0%,Band 4: 0.1% - 1.0%,0.291,0.368,2,1,0,False,Band 4: 0.1% - 1.0%,Band 4: 0.1% - 1.0%,Band 4: 0.1% - 1.0%,0.341,0.368
131,Tonga,0.001,Band 1: <= 0.001%,7,1,0,False,Band 1: <= 0.001%,Band 1: <= 0.001%,Band 1: <= 0.001%,0.001,0.001,4,1,0,False,Band 1: <= 0.001%,Band 1: <= 0.001%,Band 1: <= 0.001%,0.001,0.001,2,1,0,False,Band 1: <= 0.001%,Band 1: <= 0.001%,Band 1: <= 0.001%,0.001,0.001
132,Trinidad and Tobago,0.033,Band 3: 0.01% - 0.1%,7,1,0,False,Band 3: 0.01% - 0.1%,Band 3: 0.01% - 0.1%,Band 3: 0.01% - 0.1%,0.027,0.044,4,1,0,False,Band 3: 0.01% - 0.1%,Band 3: 0.01% - 0.1%,Band 3: 0.01% - 0.1%,0.033,0.04,2,1,0,False,Band 3: 0.01% - 0.1%,Band 3: 0.01% - 0.1%,Band 3: 0.01% - 0.1%,0.033,0.037
133,Tunisia,0.018,Band 3: 0.01% - 0.1%,7,1,0,False,Band 3: 0.01% - 0.1%,Band 3: 0.01% - 0.1%,Band 3: 0.01% - 0.1%,0.018,0.036,4,1,0,False,Band 3: 0.01% - 0.1%,Band 3: 0.01% - 0.1%,Band 3: 0.01% - 0.1%,0.018,0.028,2,1,0,False,Band 3: 0.01% - 0.1%,Band 3: 0.01% - 0.1%,Band 3: 0.01% - 0.1%,0.018,0.019
134,Tuvalu,0.001,Band 1: <= 0.001%,7,1,0,False,Band 1: <= 0.001%,Band 1: <= 0.001%,Band 1: <= 0.001%,0.001,0.001,4,1,0,False,Band 1: <= 0.001%,Band 1: <= 0.001%,Band 1: <= 0.001%,0.001,0.001,2,1,0,False,Band 1: <= 0.001%,Band 1: <= 0.001%,Band 1: <= 0.001%,0.001,0.001
135,Uganda,0.01,Band 2: 0.001% - 0.01%,7,1,0,False,Band 2: 0.001% - 0.01%,Band 2: 0.001% - 0.01%,Band 2: 0.001% - 0.01%,0.003,0.01,4,1,0,False,Band 2: 0.001% - 0.01%,Band 2: 0.001% - 0.01%,Band 2: 0.001% - 0.01%,0.008,0.01,2,1,0,False,Band 2: 0.001% - 0.01%,Band 2: 0.001% - 0.01%,Band 2: 0.001% - 0.01%,0.01,0.01
136,United Republic of Tanzania,0.01,Band 2: 0.001% - 0.01%,7,1,0,False,Band 2: 0.001% - 0.01%,Band 2: 0.001% - 0.01%,Band 2: 0.001% - 0.01%,0.006,0.01,4,1,0,False,Band 2: 0.001% - 0.01%,Band 2: 0.001% - 0.01%,Band 2: 0.001% - 0.01%,0.01,0.01,2,1,0,False,Band 2: 0.001% - 0.01%,Band 2: 0.001% - 0.01%,Band 2: 0.001% - 0.01%,0.01,0.01
137,Vanuatu,0.001,Band 1: <= 0.001%,7,1,0,False,Band 1: <= 0.001%,Band 1: <= 0.001%,Band 1: <= 0.001%,0.001,0.001,4,1,0,False,Band 1: <= 0.001%,Band 1: <= 0.001%,Band 1: <= 0.001%,0.001,0.001,2,1,0,False,Band 1: <= 0.001%,Band 1: <= 0.001%,Band 1: <= 0.001%,0.001,0.001
138,Yemen,0.003,Band 2: 0.001% - 0.01%,7,1,0,False,Band 2: 0.001% - 0.01%,Band 2: 0.001% - 0.01%,Band 2: 0.001% - 0.01%,0.003,0.01,4,1,0,False,Band 2: 0.001% - 0.01%,Band 2: 0.001% - 0.01%,Band 2: 0.001% - 0.01%,0.003,0.01,2,1,0,False,Band 2: 0.001% - 0.01%,Band 2: 0.001% - 0.01%,Band 2: 0.001% - 0.01%,0.003,0.008
139,Zimbabwe,0.007,Band 2: 0.001% - 0.01%,7,1,0,False,Band 2: 0.001% - 0.01%,Band 2: 0.001% - 0.01%,Band 2: 0.001% - 0.01%,0.002,0.008,4,1,0,False,Band 2: 0.001% - 0.01%,Band 2: 0.001% - 0.01%,Band 2: 0.001% - 0.01%,0.004,0.007,2,1,0,False,Band 2: 0.001% - 0.01%,Band 2: 0.001% - 0.01%,Band 2: 0.001% - 0.01%,0.007,0.007
